<?xml version="1.0" encoding="UTF-8"?>
<GenRun Id="impl_1" LaunchPart="xc7a100tcsg324-1" LaunchTime="1693977361">
  <File Type="BITSTR-BMM" Name="ssegmain_bd.bmm"/>
  <File Type="OPT-METHODOLOGY-DRC" Name="ssegmain_methodology_drc_opted.rpt"/>
  <File Type="INIT-TIMING" Name="ssegmain_timing_summary_init.rpt"/>
  <File Type="ROUTE-PWR" Name="ssegmain_power_routed.rpt"/>
  <File Type="PA-TCL" Name="ssegmain.tcl"/>
  <File Type="OPT-TIMING" Name="ssegmain_timing_summary_opted.rpt"/>
  <File Type="OPT-DCP" Name="ssegmain_opt.dcp"/>
  <File Type="ROUTE-PWR-SUM" Name="ssegmain_power_summary_routed.pb"/>
  <File Type="REPORTS-TCL" Name="ssegmain_reports.tcl"/>
  <File Type="OPT-DRC" Name="ssegmain_drc_opted.rpt"/>
  <File Type="OPT-HWDEF" Name="ssegmain.hwdef"/>
  <File Type="PWROPT-DCP" Name="ssegmain_pwropt.dcp"/>
  <File Type="PWROPT-DRC" Name="ssegmain_drc_pwropted.rpt"/>
  <File Type="PWROPT-TIMING" Name="ssegmain_timing_summary_pwropted.rpt"/>
  <File Type="PLACE-DCP" Name="ssegmain_placed.dcp"/>
  <File Type="PLACE-IO" Name="ssegmain_io_placed.rpt"/>
  <File Type="PLACE-CLK" Name="ssegmain_clock_utilization_placed.rpt"/>
  <File Type="PLACE-UTIL" Name="ssegmain_utilization_placed.rpt"/>
  <File Type="PLACE-UTIL-PB" Name="ssegmain_utilization_placed.pb"/>
  <File Type="PLACE-CTRL" Name="ssegmain_control_sets_placed.rpt"/>
  <File Type="PLACE-SIMILARITY" Name="ssegmain_incremental_reuse_placed.rpt"/>
  <File Type="PLACE-PRE-SIMILARITY" Name="ssegmain_incremental_reuse_pre_placed.rpt"/>
  <File Type="PLACE-TIMING" Name="ssegmain_timing_summary_placed.rpt"/>
  <File Type="POSTPLACE-PWROPT-DCP" Name="ssegmain_postplace_pwropt.dcp"/>
  <File Type="BG-BIN" Name="ssegmain.bin"/>
  <File Type="POSTPLACE-PWROPT-TIMING" Name="ssegmain_timing_summary_postplace_pwropted.rpt"/>
  <File Type="PHYSOPT-DCP" Name="ssegmain_physopt.dcp"/>
  <File Type="PHYSOPT-DRC" Name="ssegmain_drc_physopted.rpt"/>
  <File Type="BITSTR-MSK" Name="ssegmain.msk"/>
  <File Type="PHYSOPT-TIMING" Name="ssegmain_timing_summary_physopted.rpt"/>
  <File Type="ROUTE-ERROR-DCP" Name="ssegmain_routed_error.dcp"/>
  <File Type="ROUTE-DCP" Name="ssegmain_routed.dcp"/>
  <File Type="ROUTE-BLACKBOX-DCP" Name="ssegmain_routed_bb.dcp"/>
  <File Type="ROUTE-DRC" Name="ssegmain_drc_routed.rpt"/>
  <File Type="ROUTE-DRC-PB" Name="ssegmain_drc_routed.pb"/>
  <File Type="ROUTE-DRC-RPX" Name="ssegmain_drc_routed.rpx"/>
  <File Type="BITSTR-MMI" Name="ssegmain.mmi"/>
  <File Type="ROUTE-METHODOLOGY-DRC" Name="ssegmain_methodology_drc_routed.rpt"/>
  <File Type="ROUTE-METHODOLOGY-DRC-RPX" Name="ssegmain_methodology_drc_routed.rpx"/>
  <File Type="ROUTE-METHODOLOGY-DRC-PB" Name="ssegmain_methodology_drc_routed.pb"/>
  <File Type="ROUTE-PWR-RPX" Name="ssegmain_power_routed.rpx"/>
  <File Type="ROUTE-STATUS" Name="ssegmain_route_status.rpt"/>
  <File Type="ROUTE-STATUS-PB" Name="ssegmain_route_status.pb"/>
  <File Type="ROUTE-TIMINGSUMMARY" Name="ssegmain_timing_summary_routed.rpt"/>
  <File Type="ROUTE-TIMING-PB" Name="ssegmain_timing_summary_routed.pb"/>
  <File Type="ROUTE-TIMING-RPX" Name="ssegmain_timing_summary_routed.rpx"/>
  <File Type="ROUTE-SIMILARITY" Name="ssegmain_incremental_reuse_routed.rpt"/>
  <File Type="ROUTE-CLK" Name="ssegmain_clock_utilization_routed.rpt"/>
  <File Type="ROUTE-BUS-SKEW" Name="ssegmain_bus_skew_routed.rpt"/>
  <File Type="ROUTE-BUS-SKEW-PB" Name="ssegmain_bus_skew_routed.pb"/>
  <File Type="ROUTE-BUS-SKEW-RPX" Name="ssegmain_bus_skew_routed.rpx"/>
  <File Type="POSTROUTE-PHYSOPT-DCP" Name="ssegmain_postroute_physopt.dcp"/>
  <File Type="POSTROUTE-PHYSOPT-BLACKBOX-DCP" Name="ssegmain_postroute_physopt_bb.dcp"/>
  <File Type="POSTROUTE-PHYSOPT-TIMING" Name="ssegmain_timing_summary_postroute_physopted.rpt"/>
  <File Type="POSTROUTE-PHYSOPT-TIMING-PB" Name="ssegmain_timing_summary_postroute_physopted.pb"/>
  <File Type="POSTROUTE-PHYSOPT-TIMING-RPX" Name="ssegmain_timing_summary_postroute_physopted.rpx"/>
  <File Type="POSTROUTE-PHYSOPT-BUS-SKEW" Name="ssegmain_bus_skew_postroute_physopted.rpt"/>
  <File Type="POSTROUTE-PHYSOPT-BUS-SKEW-PB" Name="ssegmain_bus_skew_postroute_physopted.pb"/>
  <File Type="BG-BIT" Name="ssegmain.bit"/>
  <File Type="POSTROUTE-PHYSOPT-BUS-SKEW-RPX" Name="ssegmain_bus_skew_postroute_physopted.rpx"/>
  <File Type="BITSTR-RBT" Name="ssegmain.rbt"/>
  <File Type="BITSTR-NKY" Name="ssegmain.nky"/>
  <File Type="PDI-FILE" Name="ssegmain.pdi"/>
  <File Type="RCFI_FILE" Name="ssegmain.rcfi"/>
  <File Type="CFI_FILE" Name="ssegmain.cfi"/>
  <File Type="RNPI_FILE" Name="ssegmain.rnpi"/>
  <File Type="NPI_FILE" Name="ssegmain.npi"/>
  <File Type="RBD_FILE" Name="ssegmain.rbd"/>
  <File Type="BITSTR-LTX" Name="debug_nets.ltx"/>
  <File Type="BITSTR-LTX" Name="ssegmain.ltx"/>
  <File Type="BITSTR-SYSDEF" Name="ssegmain.sysdef"/>
  <File Type="BG-BGN" Name="ssegmain.bgn"/>
  <File Type="BG-DRC" Name="ssegmain.drc"/>
  <File Type="RDI-RDI" Name="ssegmain.vdi"/>
  <File Type="WBT-USG" Name="usage_statistics_webtalk.html"/>
  <FileSet Name="sources" Type="DesignSrcs" RelSrcDir="$PSRCDIR/sources_1">
    <Filter Type="Srcs"/>
    <File Path="$PSRCDIR/sources_1/new/Top_file.sv">
      <FileInfo>
        <Attr Name="UsedIn" Val="synthesis"/>
        <Attr Name="UsedIn" Val="implementation"/>
        <Attr Name="UsedIn" Val="simulation"/>
      </FileInfo>
    </File>
    <File Path="$PSRCDIR/sources_1/new/counter.sv">
      <FileInfo>
        <Attr Name="UsedIn" Val="synthesis"/>
        <Attr Name="UsedIn" Val="implementation"/>
        <Attr Name="UsedIn" Val="simulation"/>
      </FileInfo>
    </File>
    <File Path="$PSRCDIR/sources_1/new/ssegdrive.sv">
      <FileInfo>
        <Attr Name="UsedIn" Val="synthesis"/>
        <Attr Name="UsedIn" Val="implementation"/>
        <Attr Name="UsedIn" Val="simulation"/>
      </FileInfo>
    </File>
    <File Path="$PSRCDIR/sources_1/new/ssegmain.sv">
      <FileInfo>
        <Attr Name="UsedIn" Val="synthesis"/>
        <Attr Name="UsedIn" Val="implementation"/>
        <Attr Name="UsedIn" Val="simulation"/>
      </FileInfo>
    </File>
    <Config>
      <Option Name="DesignMode" Val="RTL"/>
      <Option Name="TopModule" Val="ssegmain"/>
      <Option Name="TopAutoSet" Val="TRUE"/>
    </Config>
  </FileSet>
  <FileSet Name="constrs_in" Type="Constrs" RelSrcDir="$PSRCDIR/constrs_1">
    <Filter Type="Constrs"/>
    <File Path="D:/Downloads/nexys4ddr_master_xdc/Nexys4DDR_Master.xdc">
      <FileInfo>
        <Attr Name="UsedIn" Val="synthesis"/>
        <Attr Name="UsedIn" Val="implementation"/>
      </FileInfo>
    </File>
    <Config>
      <Option Name="ConstrsType" Val="XDC"/>
    </Config>
  </FileSet>
  <FileSet Name="utils" Type="Utils" RelSrcDir="$PSRCDIR/utils_1">
    <Filter Type="Utils"/>
    <Config>
      <Option Name="TopAutoSet" Val="TRUE"/>
    </Config>
  </FileSet>
  <Strategy Version="1" Minor="2">
    <StratHandle Name="Vivado Implementation Defaults" Flow="Vivado Implementation 2020"/>
    <Step Id="init_design"/>
    <Step Id="opt_design"/>
    <Step Id="power_opt_design"/>
    <Step Id="place_design"/>
    <Step Id="post_place_power_opt_design"/>
    <Step Id="phys_opt_design"/>
    <Step Id="route_design"/>
    <Step Id="post_route_phys_opt_design"/>
    <Step Id="write_bitstream"/>
  </Strategy>
</GenRun>
